-- Licensed under the Apache License, Version 2.0 (the "License");
-- you may not use this file except in compliance with the License.
-- You may obtain a copy of the License at
--
--   http://www.apache.org/licenses/LICENSE-2.0
--
-- Unless required by applicable law or agreed to in writing,
-- software distributed under the License is distributed on an
-- "AS IS" BASIS, WITHOUT WARRANTIES OR CONDITIONS OF ANY
-- KIND, either express or implied.  See the License for the
-- specific language governing permissions and limitations
-- under the License.

select nextval ('idgen_company');
select nextval ('idgen_company');
insert into company (version, description, image_key, name, type, id) values (0, 'Industry Fusion e.V.', 'ificon', 'Industry Fusion', 'ECOSYSTEM_MANAGER', 1);
insert into company (version, description, image_key, name, type, id) values (0, 'Airist GmbH', 'airicon', 'Airist', 'MACHINE_MANUFACTURER', 2);
insert into company (version, description, image_key, name, type, id) values (0, 'Laserly GmbH', 'lasicon', 'Laserly', 'MACHINE_MANUFACTURER', 3);
insert into company (version, description, image_key, name, type, id) values (0, 'Steelgrade GmbH', 'mcicon', 'Steelgrade', 'MACHINE_CUSTOMER', 4);
insert into company (version, description, image_key, name, type, id) values (0, 'Struump GmbH', 'mcicon', 'Struump', 'MACHINE_CUSTOMER', 5);
insert into company (version, description, image_key, name, type, id) values (0, 'Random 1 GmbH', 'ricon1', 'Random 1', 'MACHINE_CUSTOMER', 6);
insert into company (version, description, image_key, name, type, id) values (0, 'Random 2 GmbH', 'ricon2', 'Random 2', 'MACHINE_CUSTOMER', 7);
insert into company (version, description, image_key, name, type, id) values (0, 'Random 3 GmbH', 'ricon3', 'Random 3', 'MACHINE_CUSTOMER', 8);
insert into company (version, description, image_key, name, type, id) values (0, 'Random 4 GmbH', 'ricon4', 'Random 4', 'MACHINE_CUSTOMER', 9);
insert into company (version, description, image_key, name, type, id) values (0, 'Random 5 GmbH', 'ricon5', 'Random 5', 'MACHINE_CUSTOMER', 10);
insert into company (version, description, image_key, name, type, id) values (0, 'Random 6 GmbH', 'ricon6', 'Random 6', 'MACHINE_CUSTOMER', 11);
insert into company (version, description, image_key, name, type, id) values (0, 'Random 7 GmbH', 'ricon7', 'Random 7', 'MACHINE_CUSTOMER', 12);
insert into company (version, description, image_key, name, type, id) values (0, 'Random 8 GmbH', 'ricon8', 'Random 8', 'MACHINE_CUSTOMER', 13);
insert into company (version, description, image_key, name, type, id) values (0, 'Random 9 GmbH', 'ricon9', 'Random 9', 'MACHINE_CUSTOMER', 14);
insert into company (version, description, image_key, name, type, id) values (0, 'Random 10 GmbH', 'ricon10', 'Random 10', 'MACHINE_CUSTOMER', 15);
select nextval ('idgen_location');
select nextval ('idgen_location');
insert into location (version, city, company_id, country, image_key, latitude, line1, line2, longitude, name, type, zip, id) values (0, 'Gräfelfing', 5, 'Germany', NULL, 48.127936, 'Sudetenstr. 1001', 'Rückgebäude', 11.604835, 'World Headquarter', 'HEADQUARTER', '90011', 1);
insert into location (version, city, company_id, country, image_key, latitude, line1, line2, longitude, name, type, zip, id) values (0, 'Lindau', 5, 'Germany', NULL, 48.024522, 'Kerrystr. 2001', 'Hinterhof', 11.679882, 'Landau', 'FABRICATION', '10011', 2);
insert into location (version, city, company_id, country, image_key, latitude, line1, line2, longitude, name, type, zip, id) values (0, 'Spandau', 5, 'Germany', NULL, 48.024522, 'Clarestr. 2001', 'Hintermhof', 11.679882, 'Spandau Random 1', 'FABRICATION', '10011', 3);
insert into location (version, city, company_id, country, image_key, latitude, line1, line2, longitude, name, type, zip, id) values (0, 'Spandau', 5, 'Germany', NULL, 48.024522, 'Clarestr. 2001', 'Hintermhof', 11.679882, 'Spandau Random 2', 'FABRICATION', '10011', 4);
insert into location (version, city, company_id, country, image_key, latitude, line1, line2, longitude, name, type, zip, id) values (0, 'Spandau', 5, 'Germany', NULL, 48.024522, 'Clarestr. 2001', 'Hintermhof', 11.679882, 'Spandau Random 3', 'FABRICATION', '10011', 5);
insert into location (version, city, company_id, country, image_key, latitude, line1, line2, longitude, name, type, zip, id) values (0, 'Spandau', 5, 'Germany', NULL, 48.024522, 'Clarestr. 2001', 'Hintermhof', 11.679882, 'Spandau Random 4', 'FABRICATION', '10011', 6);
insert into location (version, city, company_id, country, image_key, latitude, line1, line2, longitude, name, type, zip, id) values (0, 'Spandau', 5, 'Germany', NULL, 48.024522, 'Clarestr. 2001', 'Hintermhof', 11.679882, 'Spandau Random 5', 'FABRICATION', '10011', 7);
insert into location (version, city, company_id, country, image_key, latitude, line1, line2, longitude, name, type, zip, id) values (0, 'Spandau', 5, 'Germany', NULL, 48.024522, 'Clarestr. 2001', 'Hintermhof', 11.679882, 'Spandau Random 6', 'FABRICATION', '10011', 8);
insert into location (version, city, company_id, country, image_key, latitude, line1, line2, longitude, name, type, zip, id) values (0, 'Spandau', 5, 'Germany', NULL, 48.024522, 'Clarestr. 2001', 'Hintermhof', 11.679882, 'Spandau Random 7', 'FABRICATION', '10011', 9);
insert into location (version, city, company_id, country, image_key, latitude, line1, line2, longitude, name, type, zip, id) values (0, 'Spandau', 5, 'Germany', NULL, 48.024522, 'Clarestr. 2001', 'Hintermhof', 11.679882, 'Spandau Random 8', 'FABRICATION', '10011', 10);
insert into location (version, city, company_id, country, image_key, latitude, line1, line2, longitude, name, type, zip, id) values (0, 'Spandau', 5, 'Germany', NULL, 48.024522, 'Clarestr. 2001', 'Hintermhof', 11.679882, 'Spandau Random 9', 'FABRICATION', '10011', 11);
insert into location (version, city, company_id, country, image_key, latitude, line1, line2, longitude, name, type, zip, id) values (0, 'Spandau', 5, 'Germany', NULL, 48.024522, 'Clarestr. 2001', 'Hintermhof', 11.679882, 'Spandau Random 10', 'FABRICATION', '10011', 12);
select nextval ('idgen_room');
select nextval ('idgen_room');
insert into room (version, description, image_key, location_id, name, id) values (0, 'Shop floor east room', NULL, 2, 'Shop Floor East', 1);
insert into room (version, description, image_key, location_id, name, id) values (0, 'Shop floor west room', NULL, 2, 'Shop Floor West', 2);
insert into room (version, description, image_key, location_id, name, id) values (0, NULL, NULL, 2, 'Shop Floor 1', 3);
insert into room (version, description, image_key, location_id, name, id) values (0, NULL, NULL, 2, 'Shop Floor 2', 4);
insert into room (version, description, image_key, location_id, name, id) values (0, NULL, NULL, 2, 'Shop Floor 3', 5);
insert into room (version, description, image_key, location_id, name, id) values (0, NULL, NULL, 2, 'Shop Floor 4', 6);
insert into room (version, description, image_key, location_id, name, id) values (0, NULL, NULL, 2, 'Shop Floor 5', 7);
insert into room (version, description, image_key, location_id, name, id) values (0, NULL, NULL, 2, 'Shop Floor 6', 8);
insert into room (version, description, image_key, location_id, name, id) values (0, NULL, NULL, 2, 'Shop Floor 7', 9);
insert into room (version, description, image_key, location_id, name, id) values (0, NULL, NULL, 2, 'Shop Floor 8', 10);
insert into room (version, description, image_key, location_id, name, id) values (0, NULL, NULL, 2, 'Shop Floor 9', 11);
insert into room (version, description, image_key, location_id, name, id) values (0, NULL, NULL, 2, 'Shop Floor 10', 12);
select nextval ('idgen_quantitytype');
select nextval ('idgen_quantitytype');
insert into quantity_type (version, base_unit_id, description, label, name, id) values (0, NULL, 'Pressure Quantities', NULL, 'Pressure', 1);
insert into quantity_type (version, base_unit_id, description, label, name, id) values (0, NULL, 'Mass Quantities', NULL, 'Mass', 2);
insert into quantity_type (version, base_unit_id, description, label, name, id) values (0, NULL, 'Count Quantities', NULL, 'Count', 3);
insert into quantity_type (version, base_unit_id, description, label, name, id) values (0, NULL, 'Temperature Quantities', NULL, 'Temperature', 4);
select nextval ('idgen_room');
insert into unit (version, description, label, name, quantity_type_id, symbol, id) values (0, 'Pascal unit', NULL, 'Pascal', 1, 'pa', 52);
insert into unit (version, description, label, name, quantity_type_id, symbol, id) values (0, 'PSI unit', NULL, 'Pounds per square inch', 1, 'psi', 53);
insert into unit (version, description, label, name, quantity_type_id, symbol, id) values (0, 'Meter unit', NULL, 'Meter', 2, 'm', 54);
insert into unit (version, description, label, name, quantity_type_id, symbol, id) values (0, 'Inch unit', NULL, 'Inch', 2, 'in', 55);
insert into unit (version, description, label, name, quantity_type_id, symbol, id) values (0, 'Count unit', NULL, 'Count', 3, '', 56);
insert into unit (version, description, label, name, quantity_type_id, symbol, id) values (0, 'Celcius unit', NULL, 'Celcius', 4, '', 57);
insert into unit (version, description, label, name, quantity_type_id, symbol, id) values (0, 'Fahrenheit unit', NULL, 'Fahrenheit', 4, '', 58);
update quantity_type set version=1, base_unit_id=54, description='Mass Quantities', label=NULL, name='Mass' where id=2 and version=0;
update quantity_type set version=1, base_unit_id=52, description='Pressure Quantities', label=NULL, name='Pressure' where id=1 and version=0;
update quantity_type set version=1, base_unit_id=56, description='Count Quantities', label=NULL, name='Count' where id=3 and version=0;
update quantity_type set version=1, base_unit_id=57, description='Temperature Quantities', label=NULL, name='Temperature' where id=4 and version=0;
select nextval ('idgen_field');
select nextval ('idgen_field');
insert into field (version, accuracy, description, label, name, unit_id, value, id) values (0, 2.2, 'Differenz Druck...', NULL, 'Differenzdruck', 52, NULL, 1);
insert into field (version, accuracy, description, label, name, unit_id, value, id) values (0, 2.2, 'Head temperature...', NULL, 'Head temperature', 57, NULL, 2);
insert into field (version, accuracy, description, label, name, unit_id, value, id) values (0, 2.2, 'Number of heads...', NULL, 'Number of heads', 56, NULL, 3);
select nextval ('idgen_assettype');
select nextval ('idgen_assettype');
insert into asset_type (version, description, label, name, id) values (0, 'Laser Cutter Machines', 'laser_cutter', 'Laser Cutter', 1);
insert into asset_type (version, description, label, name, id) values (0, 'Gas Supply Unit', 'gas_supply', 'Gas Suppley', 2);
select nextval ('idgen_assettypetemplate');
select nextval ('idgen_assettypetemplate');
insert into asset_type_template (version, description, image_key, name, asset_type_id, id) values (0, 'ATT Gas Supply', 'genericgasimagekey', 'Gas Supply', 2, 1);
insert into asset_type_template (version, description, image_key, name, asset_type_id, id) values (0, 'ATT Laser Cutter', 'genericcutterimagekey', 'Laser Cutter', 1, 2);
insert into asset_type_template (version, description, image_key, name, asset_type_id, id) values (0, 'ATT Laser Cutter1', 'genericcutterimagekey1', 'Laser Cutter 1', 1, 3);
insert into asset_type_template (version, description, image_key, name, asset_type_id, id) values (0, 'ATT Laser Cutter2', 'genericcutterimagekey2', 'Laser Cutter 2', 1, 4);
insert into asset_type_template (version, description, image_key, name, asset_type_id, id) values (0, 'ATT Laser Cutter3', 'genericcutterimagekey3', 'Laser Cutter 3', 1, 5);
insert into asset_type_template (version, description, image_key, name, asset_type_id, id) values (0, 'ATT Laser Cutter4', 'genericcutterimagekey4', 'Laser Cutter 4', 1, 6);
insert into asset_type_template (version, description, image_key, name, asset_type_id, id) values (0, 'ATT Laser Cutter5', 'genericcutterimagekey5', 'Laser Cutter 5', 1, 7);
insert into asset_type_template (version, description, image_key, name, asset_type_id, id) values (0, 'ATT Laser Cutter6', 'genericcutterimagekey6', 'Laser Cutter 6', 1, 8);
insert into asset_type_template (version, description, image_key, name, asset_type_id, id) values (0, 'ATT Laser Cutter7', 'genericcutterimagekey7', 'Laser Cutter 7', 1, 9);
insert into asset_type_template (version, description, image_key, name, asset_type_id, id) values (0, 'ATT Laser Cutter8', 'genericcutterimagekey8', 'Laser Cutter 8', 1, 10);
insert into asset_type_template (version, description, image_key, name, asset_type_id, id) values (0, 'ATT Laser Cutter9', 'genericcutterimagekey9', 'Laser Cutter 9', 1, 11);
insert into asset_type_template (version, description, image_key, name, asset_type_id, id) values (0, 'ATT Laser Cutter10', 'genericcutterimagekey10', 'Laser Cutter 10', 1, 12);
select nextval ('idgen_fieldtarget');
select nextval ('idgen_fieldtarget');
insert into field_target (version, asset_type_template_id, description, field_id, field_type, label, mandatory, name, id) values (0, 2, 'Number of cutter heads', 3, 0, NULL, true, 'Number of heads', 1);
insert into field_target (version, asset_type_template_id, description, field_id, field_type, label, mandatory, name, id) values (0, 2, 'Temperature of the head', 2, 1, NULL, true, 'Head Temperature', 2);
insert into field_target (version, asset_type_template_id, description, field_id, field_type, label, mandatory, name, id) values (0, 2, 'Differenzdruck der Versorgung', 1, 1, NULL, true, 'Differenzdruck Versorgung', 3);
select nextval ('idgen_assetseries');
select nextval ('idgen_assetseries');
insert into asset_series (version, description, image_key, name, asset_type_template_id, ce_certified, company_id, handbook_key, protection_class, video_key, id) values (0, 'ATT Gas Supply', 'genericgasimagekey', 'Gas Supply', 1, NULL, 2, NULL, NULL, NULL, 1);
update asset_series set version=1, description='Airist Gas Supply', image_key='airisgasimagekey', name='Airist Gas Supply', asset_type_template_id=1, ce_certified=NULL, company_id=2, handbook_key=NULL, protection_class=NULL, video_key=NULL where id=1 and version=0;
select nextval ('idgen_fieldsource');
select nextval ('idgen_fieldsource');
insert into asset_series (version, description, image_key, name, asset_type_template_id, ce_certified, company_id, handbook_key, protection_class, video_key, id) values (0, 'ATT Laser Cutter', 'genericcutterimagekey', 'Laser Cutter', 2, NULL, 3, NULL, NULL, NULL, 2);
insert into field_source (version, asset_series_id, description, field_target_id, name, source_sensor_label, source_unit_id, value, id) values (0, 2, NULL, 1, NULL, NULL, 56, NULL, 1);
insert into field_source (version, asset_series_id, description, field_target_id, name, source_sensor_label, source_unit_id, value, id) values (0, 2, NULL, 2, NULL, NULL, 57, NULL, 2);
insert into field_source (version, asset_series_id, description, field_target_id, name, source_sensor_label, source_unit_id, value, id) values (0, 2, NULL, 3, NULL, NULL, 52, NULL, 3);
update asset_series set version=1, description='Laserly Laser Cutter', image_key='lascutterimagekey', name='Laserly Laser Cutter', asset_type_template_id=2, ce_certified=NULL, company_id=3, handbook_key=NULL, protection_class=NULL, video_key=NULL where id=2 and version=0;
insert into asset_series (version, description, image_key, name, asset_type_template_id, ce_certified, company_id, handbook_key, protection_class, video_key, id) values (0, 'ATT Gas Supply', 'genericgasimagekey', 'Gas Supply', 1, NULL, 2, NULL, NULL, NULL, 3);
update asset_series set version=1, description='Laserly Laser Cutter1', image_key='genericcutterimagekey1', name='Laserly Laser Cutter 1', asset_type_template_id=1, ce_certified=NULL, company_id=2, handbook_key=NULL, protection_class=NULL, video_key=NULL where id=3 and version=0;
insert into asset_series (version, description, image_key, name, asset_type_template_id, ce_certified, company_id, handbook_key, protection_class, video_key, id) values (0, 'ATT Gas Supply', 'genericgasimagekey', 'Gas Supply', 1, NULL, 2, NULL, NULL, NULL, 4);
update asset_series set version=1, description='Laserly Laser Cutter2', image_key='genericcutterimagekey2', name='Laserly Laser Cutter 2', asset_type_template_id=1, ce_certified=NULL, company_id=2, handbook_key=NULL, protection_class=NULL, video_key=NULL where id=4 and version=0;
insert into asset_series (version, description, image_key, name, asset_type_template_id, ce_certified, company_id, handbook_key, protection_class, video_key, id) values (0, 'ATT Gas Supply', 'genericgasimagekey', 'Gas Supply', 1, NULL, 2, NULL, NULL, NULL, 5);
update asset_series set version=1, description='Laserly Laser Cutter3', image_key='genericcutterimagekey3', name='Laserly Laser Cutter 3', asset_type_template_id=1, ce_certified=NULL, company_id=2, handbook_key=NULL, protection_class=NULL, video_key=NULL where id=5 and version=0;
insert into asset_series (version, description, image_key, name, asset_type_template_id, ce_certified, company_id, handbook_key, protection_class, video_key, id) values (0, 'ATT Gas Supply', 'genericgasimagekey', 'Gas Supply', 1, NULL, 2, NULL, NULL, NULL, 6);
update asset_series set version=1, description='Laserly Laser Cutter4', image_key='genericcutterimagekey4', name='Laserly Laser Cutter 4', asset_type_template_id=1, ce_certified=NULL, company_id=2, handbook_key=NULL, protection_class=NULL, video_key=NULL where id=6 and version=0;
insert into asset_series (version, description, image_key, name, asset_type_template_id, ce_certified, company_id, handbook_key, protection_class, video_key, id) values (0, 'ATT Gas Supply', 'genericgasimagekey', 'Gas Supply', 1, NULL, 2, NULL, NULL, NULL, 7);
update asset_series set version=1, description='Laserly Laser Cutter5', image_key='genericcutterimagekey5', name='Laserly Laser Cutter 5', asset_type_template_id=1, ce_certified=NULL, company_id=2, handbook_key=NULL, protection_class=NULL, video_key=NULL where id=7 and version=0;
insert into asset_series (version, description, image_key, name, asset_type_template_id, ce_certified, company_id, handbook_key, protection_class, video_key, id) values (0, 'ATT Gas Supply', 'genericgasimagekey', 'Gas Supply', 1, NULL, 2, NULL, NULL, NULL, 8);
update asset_series set version=1, description='Laserly Laser Cutter6', image_key='genericcutterimagekey6', name='Laserly Laser Cutter 6', asset_type_template_id=1, ce_certified=NULL, company_id=2, handbook_key=NULL, protection_class=NULL, video_key=NULL where id=8 and version=0;
insert into asset_series (version, description, image_key, name, asset_type_template_id, ce_certified, company_id, handbook_key, protection_class, video_key, id) values (0, 'ATT Gas Supply', 'genericgasimagekey', 'Gas Supply', 1, NULL, 2, NULL, NULL, NULL, 9);
update asset_series set version=1, description='Laserly Laser Cutter7', image_key='genericcutterimagekey7', name='Laserly Laser Cutter 7', asset_type_template_id=1, ce_certified=NULL, company_id=2, handbook_key=NULL, protection_class=NULL, video_key=NULL where id=9 and version=0;
insert into asset_series (version, description, image_key, name, asset_type_template_id, ce_certified, company_id, handbook_key, protection_class, video_key, id) values (0, 'ATT Gas Supply', 'genericgasimagekey', 'Gas Supply', 1, NULL, 2, NULL, NULL, NULL, 10);
update asset_series set version=1, description='Laserly Laser Cutter8', image_key='genericcutterimagekey8', name='Laserly Laser Cutter 8', asset_type_template_id=1, ce_certified=NULL, company_id=2, handbook_key=NULL, protection_class=NULL, video_key=NULL where id=10 and version=0;
insert into asset_series (version, description, image_key, name, asset_type_template_id, ce_certified, company_id, handbook_key, protection_class, video_key, id) values (0, 'ATT Gas Supply', 'genericgasimagekey', 'Gas Supply', 1, NULL, 2, NULL, NULL, NULL, 11);
update asset_series set version=1, description='Laserly Laser Cutter9', image_key='genericcutterimagekey9', name='Laserly Laser Cutter 9', asset_type_template_id=1, ce_certified=NULL, company_id=2, handbook_key=NULL, protection_class=NULL, video_key=NULL where id=11 and version=0;
insert into asset_series (version, description, image_key, name, asset_type_template_id, ce_certified, company_id, handbook_key, protection_class, video_key, id) values (0, 'ATT Gas Supply', 'genericgasimagekey', 'Gas Supply', 1, NULL, 2, NULL, NULL, NULL, 12);
update asset_series set version=1, description='Laserly Laser Cutter10', image_key='genericcutterimagekey10', name='Laserly Laser Cutter 10', asset_type_template_id=1, ce_certified=NULL, company_id=2, handbook_key=NULL, protection_class=NULL, video_key=NULL where id=12 and version=0;
select nextval ('idgen_asset');
select nextval ('idgen_asset');
insert into asset (version, description, image_key, name, asset_series_id, ce_certified, company_id, construction_date, control_system_type, external_id, gateway_connectivity, guid, handbook_key, has_gateway, installation_date, protection_class, room_id, serial_number, video_key, id) values (0, 'Airist Gas Supply', 'airisgasimagekey', 'Airist Gas Supply', 1, NULL, 5, NULL, NULL, NULL, NULL, NULL, NULL, NULL, NULL, NULL, NULL, NULL, NULL, 1);
update asset set version=1, description='Central Gas Supply', image_key='gskey', name='Gas Supply Oxygen', asset_series_id=1, ce_certified=true, company_id=5, construction_date=NULL, control_system_type='PLC', external_id='ubuntu1804', gateway_connectivity='NETWORK', guid=NULL, handbook_key=NULL, has_gateway=true, installation_date=NULL, protection_class=NULL, room_id=NULL, serial_number=NULL, video_key=NULL where id=1 and version=0;
update asset set version=2, description='Central Gas Supply', image_key='gskey', name='Gas Supply Oxygen', asset_series_id=1, ce_certified=true, company_id=5, construction_date=NULL, control_system_type='PLC', external_id='ubuntu1804', gateway_connectivity='NETWORK', guid=NULL, handbook_key=NULL, has_gateway=true, installation_date=NULL, protection_class=NULL, room_id=1, serial_number=NULL, video_key=NULL where id=1 and version=1;
select nextval ('idgen_fieldinstance');
select nextval ('idgen_fieldinstance');
insert into asset (version, description, image_key, name, asset_series_id, ce_certified, company_id, construction_date, control_system_type, external_id, gateway_connectivity, guid, handbook_key, has_gateway, installation_date, protection_class, room_id, serial_number, video_key, id) values (0, 'Laserly Laser Cutter', 'lascutterimagekey', 'Laserly Laser Cutter', 2, NULL, 5, NULL, NULL, NULL, NULL, NULL, NULL, NULL, NULL, NULL, NULL, NULL, NULL, 2);
insert into field_instance (version, asset_id, description, external_id, field_source_id, name, source_sensor_label, value, id) values (0, 2, NULL, NULL, 1, NULL, NULL, NULL, 1);
insert into field_instance (version, asset_id, description, external_id, field_source_id, name, source_sensor_label, value, id) values (0, 2, NULL, NULL, 2, NULL, NULL, NULL, 2);
insert into field_instance (version, asset_id, description, external_id, field_source_id, name, source_sensor_label, value, id) values (0, 2, NULL, NULL, 3, NULL, NULL, NULL, 3);
update asset set version=1, description='Laser Cutter', image_key='lckey', name='MSF FiberLas Compact', asset_series_id=2, ce_certified=true, company_id=5, construction_date=NULL, control_system_type='SQL', external_id=NULL, gateway_connectivity='NETWORK', guid=NULL, handbook_key=NULL, has_gateway=true, installation_date=NULL, protection_class=NULL, room_id=NULL, serial_number=NULL, video_key=NULL where id=2 and version=0;
update asset set version=2, description='Laser Cutter', image_key='lckey', name='MSF FiberLas Compact', asset_series_id=2, ce_certified=true, company_id=5, construction_date=NULL, control_system_type='SQL', external_id=NULL, gateway_connectivity='NETWORK', guid=NULL, handbook_key=NULL, has_gateway=true, installation_date=NULL, protection_class=NULL, room_id=2, serial_number=NULL, video_key=NULL where id=2 and version=1;
insert into asset (version, description, image_key, name, asset_series_id, ce_certified, company_id, construction_date, control_system_type, external_id, gateway_connectivity, guid, handbook_key, has_gateway, installation_date, protection_class, room_id, serial_number, video_key, id) values (0, 'Laserly Laser Cutter', 'lascutterimagekey', 'Laserly Laser Cutter', 2, NULL, 5, NULL, NULL, NULL, NULL, NULL, NULL, NULL, NULL, NULL, NULL, NULL, NULL, 3);
insert into field_instance (version, asset_id, description, external_id, field_source_id, name, source_sensor_label, value, id) values (0, 3, NULL, NULL, 1, NULL, NULL, NULL, 4);
insert into field_instance (version, asset_id, description, external_id, field_source_id, name, source_sensor_label, value, id) values (0, 3, NULL, NULL, 2, NULL, NULL, NULL, 5);
insert into field_instance (version, asset_id, description, external_id, field_source_id, name, source_sensor_label, value, id) values (0, 3, NULL, NULL, 3, NULL, NULL, NULL, 6);
update asset set version=1, description='Laser Cutter1', image_key='gskey1', name='Laser machine 1', asset_series_id=2, ce_certified=NULL, company_id=5, construction_date=NULL, control_system_type='SQL1', external_id=NULL, gateway_connectivity='NETWORK1', guid=NULL, handbook_key=NULL, has_gateway=false, installation_date=NULL, protection_class=NULL, room_id=NULL, serial_number=NULL, video_key=NULL where id=3 and version=0;
update asset set version=2, description='Laser Cutter1', image_key='gskey1', name='Laser machine 1', asset_series_id=2, ce_certified=NULL, company_id=5, construction_date=NULL, control_system_type='SQL1', external_id=NULL, gateway_connectivity='NETWORK1', guid=NULL, handbook_key=NULL, has_gateway=false, installation_date=NULL, protection_class=NULL, room_id=1, serial_number=NULL, video_key=NULL where id=3 and version=1;
insert into asset (version, description, image_key, name, asset_series_id, ce_certified, company_id, construction_date, control_system_type, external_id, gateway_connectivity, guid, handbook_key, has_gateway, installation_date, protection_class, room_id, serial_number, video_key, id) values (0, 'Laserly Laser Cutter', 'lascutterimagekey', 'Laserly Laser Cutter', 2, NULL, 5, NULL, NULL, NULL, NULL, NULL, NULL, NULL, NULL, NULL, NULL, NULL, NULL, 4);
insert into field_instance (version, asset_id, description, external_id, field_source_id, name, source_sensor_label, value, id) values (0, 4, NULL, NULL, 1, NULL, NULL, NULL, 7);
insert into field_instance (version, asset_id, description, external_id, field_source_id, name, source_sensor_label, value, id) values (0, 4, NULL, NULL, 2, NULL, NULL, NULL, 8);
insert into field_instance (version, asset_id, description, external_id, field_source_id, name, source_sensor_label, value, id) values (0, 4, NULL, NULL, 3, NULL, NULL, NULL, 9);
update asset set version=1, description='Laser Cutter2', image_key='gskey2', name='Laser machine 2', asset_series_id=2, ce_certified=NULL, company_id=5, construction_date=NULL, control_system_type='SQL2', external_id=NULL, gateway_connectivity='NETWORK2', guid=NULL, handbook_key=NULL, has_gateway=true, installation_date=NULL, protection_class=NULL, room_id=NULL, serial_number=NULL, video_key=NULL where id=4 and version=0;
update asset set version=2, description='Laser Cutter2', image_key='gskey2', name='Laser machine 2', asset_series_id=2, ce_certified=NULL, company_id=5, construction_date=NULL, control_system_type='SQL2', external_id=NULL, gateway_connectivity='NETWORK2', guid=NULL, handbook_key=NULL, has_gateway=true, installation_date=NULL, protection_class=NULL, room_id=1, serial_number=NULL, video_key=NULL where id=4 and version=1;
insert into asset (version, description, image_key, name, asset_series_id, ce_certified, company_id, construction_date, control_system_type, external_id, gateway_connectivity, guid, handbook_key, has_gateway, installation_date, protection_class, room_id, serial_number, video_key, id) values (0, 'Laserly Laser Cutter', 'lascutterimagekey', 'Laserly Laser Cutter', 2, NULL, 5, NULL, NULL, NULL, NULL, NULL, NULL, NULL, NULL, NULL, NULL, NULL, NULL, 5);
insert into field_instance (version, asset_id, description, external_id, field_source_id, name, source_sensor_label, value, id) values (0, 5, NULL, NULL, 1, NULL, NULL, NULL, 10);
insert into field_instance (version, asset_id, description, external_id, field_source_id, name, source_sensor_label, value, id) values (0, 5, NULL, NULL, 2, NULL, NULL, NULL, 11);
insert into field_instance (version, asset_id, description, external_id, field_source_id, name, source_sensor_label, value, id) values (0, 5, NULL, NULL, 3, NULL, NULL, NULL, 12);
update asset set version=1, description='Laser Cutter3', image_key='gskey3', name='Laser machine 3', asset_series_id=2, ce_certified=NULL, company_id=5, construction_date=NULL, control_system_type='SQL3', external_id=NULL, gateway_connectivity='NETWORK3', guid=NULL, handbook_key=NULL, has_gateway=false, installation_date=NULL, protection_class=NULL, room_id=NULL, serial_number=NULL, video_key=NULL where id=5 and version=0;
update asset set version=2, description='Laser Cutter3', image_key='gskey3', name='Laser machine 3', asset_series_id=2, ce_certified=NULL, company_id=5, construction_date=NULL, control_system_type='SQL3', external_id=NULL, gateway_connectivity='NETWORK3', guid=NULL, handbook_key=NULL, has_gateway=false, installation_date=NULL, protection_class=NULL, room_id=1, serial_number=NULL, video_key=NULL where id=5 and version=1;
insert into asset (version, description, image_key, name, asset_series_id, ce_certified, company_id, construction_date, control_system_type, external_id, gateway_connectivity, guid, handbook_key, has_gateway, installation_date, protection_class, room_id, serial_number, video_key, id) values (0, 'Laserly Laser Cutter', 'lascutterimagekey', 'Laserly Laser Cutter', 2, NULL, 5, NULL, NULL, NULL, NULL, NULL, NULL, NULL, NULL, NULL, NULL, NULL, NULL, 6);
insert into field_instance (version, asset_id, description, external_id, field_source_id, name, source_sensor_label, value, id) values (0, 6, NULL, NULL, 1, NULL, NULL, NULL, 13);
insert into field_instance (version, asset_id, description, external_id, field_source_id, name, source_sensor_label, value, id) values (0, 6, NULL, NULL, 2, NULL, NULL, NULL, 14);
insert into field_instance (version, asset_id, description, external_id, field_source_id, name, source_sensor_label, value, id) values (0, 6, NULL, NULL, 3, NULL, NULL, NULL, 15);
update asset set version=1, description='Laser Cutter4', image_key='gskey4', name='Laser machine 4', asset_series_id=2, ce_certified=NULL, company_id=5, construction_date=NULL, control_system_type='SQL4', external_id=NULL, gateway_connectivity='NETWORK4', guid=NULL, handbook_key=NULL, has_gateway=true, installation_date=NULL, protection_class=NULL, room_id=NULL, serial_number=NULL, video_key=NULL where id=6 and version=0;
update asset set version=2, description='Laser Cutter4', image_key='gskey4', name='Laser machine 4', asset_series_id=2, ce_certified=NULL, company_id=5, construction_date=NULL, control_system_type='SQL4', external_id=NULL, gateway_connectivity='NETWORK4', guid=NULL, handbook_key=NULL, has_gateway=true, installation_date=NULL, protection_class=NULL, room_id=1, serial_number=NULL, video_key=NULL where id=6 and version=1;
insert into asset (version, description, image_key, name, asset_series_id, ce_certified, company_id, construction_date, control_system_type, external_id, gateway_connectivity, guid, handbook_key, has_gateway, installation_date, protection_class, room_id, serial_number, video_key, id) values (0, 'Laserly Laser Cutter', 'lascutterimagekey', 'Laserly Laser Cutter', 2, NULL, 5, NULL, NULL, NULL, NULL, NULL, NULL, NULL, NULL, NULL, NULL, NULL, NULL, 7);
insert into field_instance (version, asset_id, description, external_id, field_source_id, name, source_sensor_label, value, id) values (0, 7, NULL, NULL, 1, NULL, NULL, NULL, 16);
insert into field_instance (version, asset_id, description, external_id, field_source_id, name, source_sensor_label, value, id) values (0, 7, NULL, NULL, 2, NULL, NULL, NULL, 17);
insert into field_instance (version, asset_id, description, external_id, field_source_id, name, source_sensor_label, value, id) values (0, 7, NULL, NULL, 3, NULL, NULL, NULL, 18);
update asset set version=1, description='Laser Cutter5', image_key='gskey5', name='Laser machine 5', asset_series_id=2, ce_certified=NULL, company_id=5, construction_date=NULL, control_system_type='SQL5', external_id=NULL, gateway_connectivity='NETWORK5', guid=NULL, handbook_key=NULL, has_gateway=false, installation_date=NULL, protection_class=NULL, room_id=NULL, serial_number=NULL, video_key=NULL where id=7 and version=0;
update asset set version=2, description='Laser Cutter5', image_key='gskey5', name='Laser machine 5', asset_series_id=2, ce_certified=NULL, company_id=5, construction_date=NULL, control_system_type='SQL5', external_id=NULL, gateway_connectivity='NETWORK5', guid=NULL, handbook_key=NULL, has_gateway=false, installation_date=NULL, protection_class=NULL, room_id=1, serial_number=NULL, video_key=NULL where id=7 and version=1;
insert into asset (version, description, image_key, name, asset_series_id, ce_certified, company_id, construction_date, control_system_type, external_id, gateway_connectivity, guid, handbook_key, has_gateway, installation_date, protection_class, room_id, serial_number, video_key, id) values (0, 'Laserly Laser Cutter', 'lascutterimagekey', 'Laserly Laser Cutter', 2, NULL, 5, NULL, NULL, NULL, NULL, NULL, NULL, NULL, NULL, NULL, NULL, NULL, NULL, 8);
insert into field_instance (version, asset_id, description, external_id, field_source_id, name, source_sensor_label, value, id) values (0, 8, NULL, NULL, 1, NULL, NULL, NULL, 19);
insert into field_instance (version, asset_id, description, external_id, field_source_id, name, source_sensor_label, value, id) values (0, 8, NULL, NULL, 2, NULL, NULL, NULL, 20);
insert into field_instance (version, asset_id, description, external_id, field_source_id, name, source_sensor_label, value, id) values (0, 8, NULL, NULL, 3, NULL, NULL, NULL, 21);
update asset set version=1, description='Laser Cutter6', image_key='gskey6', name='Laser machine 6', asset_series_id=2, ce_certified=NULL, company_id=5, construction_date=NULL, control_system_type='SQL6', external_id=NULL, gateway_connectivity='NETWORK6', guid=NULL, handbook_key=NULL, has_gateway=true, installation_date=NULL, protection_class=NULL, room_id=NULL, serial_number=NULL, video_key=NULL where id=8 and version=0;
update asset set version=2, description='Laser Cutter6', image_key='gskey6', name='Laser machine 6', asset_series_id=2, ce_certified=NULL, company_id=5, construction_date=NULL, control_system_type='SQL6', external_id=NULL, gateway_connectivity='NETWORK6', guid=NULL, handbook_key=NULL, has_gateway=true, installation_date=NULL, protection_class=NULL, room_id=1, serial_number=NULL, video_key=NULL where id=8 and version=1;
insert into asset (version, description, image_key, name, asset_series_id, ce_certified, company_id, construction_date, control_system_type, external_id, gateway_connectivity, guid, handbook_key, has_gateway, installation_date, protection_class, room_id, serial_number, video_key, id) values (0, 'Laserly Laser Cutter', 'lascutterimagekey', 'Laserly Laser Cutter', 2, NULL, 5, NULL, NULL, NULL, NULL, NULL, NULL, NULL, NULL, NULL, NULL, NULL, NULL, 9);
insert into field_instance (version, asset_id, description, external_id, field_source_id, name, source_sensor_label, value, id) values (0, 9, NULL, NULL, 1, NULL, NULL, NULL, 22);
insert into field_instance (version, asset_id, description, external_id, field_source_id, name, source_sensor_label, value, id) values (0, 9, NULL, NULL, 2, NULL, NULL, NULL, 23);
insert into field_instance (version, asset_id, description, external_id, field_source_id, name, source_sensor_label, value, id) values (0, 9, NULL, NULL, 3, NULL, NULL, NULL, 24);
update asset set version=1, description='Laser Cutter7', image_key='gskey7', name='Laser machine 7', asset_series_id=2, ce_certified=NULL, company_id=5, construction_date=NULL, control_system_type='SQL7', external_id=NULL, gateway_connectivity='NETWORK7', guid=NULL, handbook_key=NULL, has_gateway=false, installation_date=NULL, protection_class=NULL, room_id=NULL, serial_number=NULL, video_key=NULL where id=9 and version=0;
update asset set version=2, description='Laser Cutter7', image_key='gskey7', name='Laser machine 7', asset_series_id=2, ce_certified=NULL, company_id=5, construction_date=NULL, control_system_type='SQL7', external_id=NULL, gateway_connectivity='NETWORK7', guid=NULL, handbook_key=NULL, has_gateway=false, installation_date=NULL, protection_class=NULL, room_id=1, serial_number=NULL, video_key=NULL where id=9 and version=1;
insert into asset (version, description, image_key, name, asset_series_id, ce_certified, company_id, construction_date, control_system_type, external_id, gateway_connectivity, guid, handbook_key, has_gateway, installation_date, protection_class, room_id, serial_number, video_key, id) values (0, 'Laserly Laser Cutter', 'lascutterimagekey', 'Laserly Laser Cutter', 2, NULL, 5, NULL, NULL, NULL, NULL, NULL, NULL, NULL, NULL, NULL, NULL, NULL, NULL, 10);
insert into field_instance (version, asset_id, description, external_id, field_source_id, name, source_sensor_label, value, id) values (0, 10, NULL, NULL, 1, NULL, NULL, NULL, 25);
insert into field_instance (version, asset_id, description, external_id, field_source_id, name, source_sensor_label, value, id) values (0, 10, NULL, NULL, 2, NULL, NULL, NULL, 26);
insert into field_instance (version, asset_id, description, external_id, field_source_id, name, source_sensor_label, value, id) values (0, 10, NULL, NULL, 3, NULL, NULL, NULL, 27);
update asset set version=1, description='Laser Cutter8', image_key='gskey8', name='Laser machine 8', asset_series_id=2, ce_certified=NULL, company_id=5, construction_date=NULL, control_system_type='SQL8', external_id=NULL, gateway_connectivity='NETWORK8', guid=NULL, handbook_key=NULL, has_gateway=true, installation_date=NULL, protection_class=NULL, room_id=NULL, serial_number=NULL, video_key=NULL where id=10 and version=0;
update asset set version=2, description='Laser Cutter8', image_key='gskey8', name='Laser machine 8', asset_series_id=2, ce_certified=NULL, company_id=5, construction_date=NULL, control_system_type='SQL8', external_id=NULL, gateway_connectivity='NETWORK8', guid=NULL, handbook_key=NULL, has_gateway=true, installation_date=NULL, protection_class=NULL, room_id=1, serial_number=NULL, video_key=NULL where id=10 and version=1;
insert into asset (version, description, image_key, name, asset_series_id, ce_certified, company_id, construction_date, control_system_type, external_id, gateway_connectivity, guid, handbook_key, has_gateway, installation_date, protection_class, room_id, serial_number, video_key, id) values (0, 'Laserly Laser Cutter', 'lascutterimagekey', 'Laserly Laser Cutter', 2, NULL, 5, NULL, NULL, NULL, NULL, NULL, NULL, NULL, NULL, NULL, NULL, NULL, NULL, 11);
insert into field_instance (version, asset_id, description, external_id, field_source_id, name, source_sensor_label, value, id) values (0, 11, NULL, NULL, 1, NULL, NULL, NULL, 28);
insert into field_instance (version, asset_id, description, external_id, field_source_id, name, source_sensor_label, value, id) values (0, 11, NULL, NULL, 2, NULL, NULL, NULL, 29);
insert into field_instance (version, asset_id, description, external_id, field_source_id, name, source_sensor_label, value, id) values (0, 11, NULL, NULL, 3, NULL, NULL, NULL, 30);
update asset set version=1, description='Laser Cutter9', image_key='gskey9', name='Laser machine 9', asset_series_id=2, ce_certified=NULL, company_id=5, construction_date=NULL, control_system_type='SQL9', external_id=NULL, gateway_connectivity='NETWORK9', guid=NULL, handbook_key=NULL, has_gateway=false, installation_date=NULL, protection_class=NULL, room_id=NULL, serial_number=NULL, video_key=NULL where id=11 and version=0;
update asset set version=2, description='Laser Cutter9', image_key='gskey9', name='Laser machine 9', asset_series_id=2, ce_certified=NULL, company_id=5, construction_date=NULL, control_system_type='SQL9', external_id=NULL, gateway_connectivity='NETWORK9', guid=NULL, handbook_key=NULL, has_gateway=false, installation_date=NULL, protection_class=NULL, room_id=1, serial_number=NULL, video_key=NULL where id=11 and version=1;
insert into asset (version, description, image_key, name, asset_series_id, ce_certified, company_id, construction_date, control_system_type, external_id, gateway_connectivity, guid, handbook_key, has_gateway, installation_date, protection_class, room_id, serial_number, video_key, id) values (0, 'Laserly Laser Cutter', 'lascutterimagekey', 'Laserly Laser Cutter', 2, NULL, 5, NULL, NULL, NULL, NULL, NULL, NULL, NULL, NULL, NULL, NULL, NULL, NULL, 12);
insert into field_instance (version, asset_id, description, external_id, field_source_id, name, source_sensor_label, value, id) values (0, 12, NULL, NULL, 1, NULL, NULL, NULL, 31);
insert into field_instance (version, asset_id, description, external_id, field_source_id, name, source_sensor_label, value, id) values (0, 12, NULL, NULL, 2, NULL, NULL, NULL, 32);
insert into field_instance (version, asset_id, description, external_id, field_source_id, name, source_sensor_label, value, id) values (0, 12, NULL, NULL, 3, NULL, NULL, NULL, 33);
update asset set version=1, description='Laser Cutter10', image_key='gskey10', name='Laser machine 10', asset_series_id=2, ce_certified=NULL, company_id=5, construction_date=NULL, control_system_type='SQL10', external_id=NULL, gateway_connectivity='NETWORK10', guid=NULL, handbook_key=NULL, has_gateway=true, installation_date=NULL, protection_class=NULL, room_id=NULL, serial_number=NULL, video_key=NULL where id=12 and version=0;
update asset set version=2, description='Laser Cutter10', image_key='gskey10', name='Laser machine 10', asset_series_id=2, ce_certified=NULL, company_id=5, construction_date=NULL, control_system_type='SQL10', external_id=NULL, gateway_connectivity='NETWORK10', guid=NULL, handbook_key=NULL, has_gateway=true, installation_date=NULL, protection_class=NULL, room_id=1, serial_number=NULL, video_key=NULL where id=12 and version=1;
